{"cameraMode":{"drawMode":0,"name":"Shaded","section":"Shading Mode"},"sceneLighting":false,"audioPlay":false,"sceneViewState":{"m_AlwaysRefresh":false,"showFog":true,"showSkybox":false,"showFlares":true,"showImageEffects":true,"showParticleSystems":true,"showVisualEffectGraphs":true,"m_FxEnabled":true},"in2DMode":false,"pivot":{"x":14.419448852539063,"y":1.8552124500274659,"z":0.10132551193237305},"rotation":{"x":-0.011990939266979695,"y":0.45933666825294497,"z":0.006201288662850857,"w":0.8881577849388123},"size":3.6043529510498049,"orthographic":true}