{"cameraMode":{"drawMode":0,"name":"Shaded","section":"Shading Mode"},"sceneLighting":true,"audioPlay":false,"sceneViewState":{"m_AlwaysRefresh":false,"showFog":true,"showSkybox":true,"showFlares":true,"showImageEffects":true,"showParticleSystems":true,"showVisualEffectGraphs":true,"m_FxEnabled":true},"in2DMode":false,"pivot":{"x":30.28375244140625,"y":12.297456741333008,"z":-28.113298416137697},"rotation":{"x":-0.051868289709091189,"y":0.15069334208965302,"z":-0.007955744862556458,"w":-0.9871562719345093},"size":0.000017942036720342003,"orthographic":false}