{"cameraMode":{"drawMode":0,"name":"Shaded","section":"Shading Mode"},"sceneLighting":false,"audioPlay":false,"sceneViewState":{"m_AlwaysRefresh":false,"showFog":true,"showSkybox":false,"showFlares":true,"showImageEffects":true,"showParticleSystems":true,"showVisualEffectGraphs":true,"m_FxEnabled":true},"in2DMode":false,"pivot":{"x":0.3654531240463257,"y":0.12372934818267822,"z":0.5216429233551025},"rotation":{"x":-0.027693504467606546,"y":0.9716761708259583,"z":-0.1822422295808792,"w":-0.14774195849895478},"size":0.7524477243423462,"orthographic":false}