{"cameraMode":{"drawMode":0,"name":"Shaded","section":"Shading Mode"},"sceneLighting":false,"audioPlay":false,"sceneViewState":{"m_AlwaysRefresh":false,"showFog":true,"showSkybox":false,"showFlares":true,"showImageEffects":true,"showParticleSystems":true,"showVisualEffectGraphs":true,"m_FxEnabled":true},"in2DMode":false,"pivot":{"x":13.278886795043946,"y":3.6625936031341554,"z":1.8668053150177003},"rotation":{"x":0.004118803422898054,"y":0.9910694360733032,"z":-0.12946611642837525,"w":0.03152167797088623},"size":3.5297675132751467,"orthographic":true}