{"cameraMode":{"drawMode":0,"name":"Shaded","section":"Shading Mode"},"sceneLighting":true,"audioPlay":false,"sceneViewState":{"m_AlwaysRefresh":false,"showFog":true,"showSkybox":true,"showFlares":true,"showImageEffects":true,"showParticleSystems":true,"showVisualEffectGraphs":true,"m_FxEnabled":true},"in2DMode":false,"pivot":{"x":-2.0452828407287599,"y":12.807381629943848,"z":-26.06781768798828},"rotation":{"x":0.042883146554231647,"y":0.008990848436951638,"z":-0.00035730458330363035,"w":0.9990251064300537},"size":8.849557876586914,"orthographic":false}