{"cameraMode":{"drawMode":0,"name":"Shaded","section":"Shading Mode"},"sceneLighting":false,"audioPlay":false,"sceneViewState":{"m_AlwaysRefresh":false,"showFog":true,"showSkybox":false,"showFlares":true,"showImageEffects":true,"showParticleSystems":true,"showVisualEffectGraphs":true,"m_FxEnabled":true},"in2DMode":false,"pivot":{"x":-0.1080130785703659,"y":0.5423582792282105,"z":-0.03225111961364746},"rotation":{"x":-0.00578641751781106,"y":-0.9773538708686829,"z":0.20984847843647004,"w":-0.026975437998771669},"size":1.9495807886123658,"orthographic":false}